{
  "width": 640,
  "height": 360,
  "maxError": 64,
  "meanError": 0.020134548611111112,
  "pixelsOver": 219,
  "pctOver": 0.09505208333333334,
  "tolerance": 1
}